sexe,brand_total,generic_total,combined_total,brand_share
1,49055.0,1661718,1710773.0,0.02867417243550138
2,96913.0,1982119,2079032.0,0.04661448212437327
9,30.0,446,476.0,0.06302521008403361
